Workbook

Sheet סקירה
A1: מערכת ניהול רחפנים – ארמו"ן גדוד 28
A3: סיכום צי
A4: סה"כ רחפנים | B4: =COUNTA('צי הרחפנים'!$B$3:$B$52) | D4: סוג \ סטטוס | E4: במחסן | F4: הושאל | G4: בתיקון | H4: מושבת
A5: EVO | B5: =COUNTIF('צי הרחפנים'!$C$3:$C$52,"EVO") | D5: EVO | E5: =COUNTIFS('צי הרחפנים'!$C$3:$C$52,"EVO",'צי הרחפנים'!$E$3:$E$52,"במחסן") | F5: =COUNTIFS('צי הרחפנים'!$C$3:$C$52,"EVO",'צי הרחפנים'!$E$3:$E$52,"הושאל") | G5: =COUNTIFS('צי הרחפנים'!$C$3:$C$52,"EVO",'צי הרחפנים'!$E$3:$E$52,"בתיקון") | H5: =COUNTIFS('צי הרחפנים'!$C$3:$C$52,"EVO",'צי הרחפנים'!$E$3:$E$52,"מושבת")
A6: AVATA | B6: =COUNTIF('צי הרחפנים'!$C$3:$C$52,"AVATA") | D6: AVATA | E6: =COUNTIFS('צי הרחפנים'!$C$3:$C$52,"AVATA",'צי הרחפנים'!$E$3:$E$52,"במחסן") | F6: =COUNTIFS('צי הרחפנים'!$C$3:$C$52,"AVATA",'צי הרחפנים'!$E$3:$E$52,"הושאל") | G6: =COUNTIFS('צי הרחפנים'!$C$3:$C$52,"AVATA",'צי הרחפנים'!$E$3:$E$52,"בתיקון") | H6: =COUNTIFS('צי הרחפנים'!$C$3:$C$52,"AVATA",'צי הרחפנים'!$E$3:$E$52,"מושבת")
D7: סה"כ | E7: =SUM(E5:E6) | F7: =SUM(F5:F6) | G7: =SUM(G5:G6) | H7: =SUM(H5:H6)
A8: לפי סטטוס
A9: במחסן | B9: =COUNTIF('צי הרחפנים'!$E$3:$E$52,"במחסן")
A10: הושאל | B10: =COUNTIF('צי הרחפנים'!$E$3:$E$52,"הושאל")
A11: בתיקון | B11: =COUNTIF('צי הרחפנים'!$E$3:$E$52,"בתיקון")
A12: מושבת | B12: =COUNTIF('צי הרחפנים'!$E$3:$E$52,"מושבת")
A14: התראות
A15: רחפנים תקולים | B15: =COUNTIF('צי הרחפנים'!$I$3:$I$52,"תקול")
A16: השאלות באיחור | B16: =SUMPRODUCT(('צי הרחפנים'!$E$3:$E$52="הושאל")*('צי הרחפנים'!$H$3:$H$52<>"")*('צי הרחפנים'!$H$3:$H$52<TODAY()))
D18: עודכן: | E18: =TODAY()

Sheet צי הרחפנים
A1: צי הרחפנים
A2: מס׳ | B2: מספר צ׳ | C2: סוג | D2: מספר ערכה | E2: סטטוס | F2: מחזיק (חייל) | G2: תאריך השאלה | H2: תאריך החזרה יעד | I2: מצב | J2: פריטי צ׳ נדרשים | K2: הערות
A3: 1 | B3: EVO-01 | C3: EVO | D3: 1136 | E3: הושאל | F3: דוד כהן | G3: 46162 | H3: 46193 | I3: תקין | J3: =IFERROR(VLOOKUP(C3,מקרא!$A$13:$C$14,3,FALSE),"")
A4: 2 | B4: EVO-02 | C4: EVO | D4: 1158 | E4: במחסן | I4: תקין | J4: =IFERROR(VLOOKUP(C4,מקרא!$A$13:$C$14,3,FALSE),"")
A5: 3 | B5: EVO-03 | C5: EVO | D5: 1136 | E5: בתיקון | I5: תקול | J5: =IFERROR(VLOOKUP(C5,מקרא!$A$13:$C$14,3,FALSE),"") | K5: גימבל לא מתכייל
A6: 4 | B6: EVO-04 | C6: EVO | D6: 1158 | E6: מושבת | I6: תקול | J6: =IFERROR(VLOOKUP(C6,מקרא!$A$13:$C$14,3,FALSE),"") | K6: ממתין לחלקים
A7: 5 | B7: AVATA-01 | C7: AVATA | D7: 1008 | E7: הושאל | F7: מאור לוי | G7: 46113 | H7: 46143 | I7: תקין | J7: =IFERROR(VLOOKUP(C7,מקרא!$A$13:$C$14,3,FALSE),"")
A8: 6 | B8: AVATA-02 | C8: AVATA | D8: 1008 | E8: במחסן | I8: תקין | J8: =IFERROR(VLOOKUP(C8,מקרא!$A$13:$C$14,3,FALSE),"")
A9: 7 | B9: AVATA-03 | C9: AVATA | D9: 1008 | E9: הושאל | F9: יוסי בר | G9: 46167 | H9: 46198 | I9: תקין | J9: =IFERROR(VLOOKUP(C9,מקרא!$A$13:$C$14,3,FALSE),"")
A10: 8 | B10: AVATA-04 | C10: AVATA | D10: 1008 | E10: במחסן | I10: תקין | J10: =IFERROR(VLOOKUP(C10,מקרא!$A$13:$C$14,3,FALSE),"")
J11: =IFERROR(VLOOKUP(C11,מקרא!$A$13:$C$14,3,FALSE),"")
J12: =IFERROR(VLOOKUP(C12,מקרא!$A$13:$C$14,3,FALSE),"")
J13: =IFERROR(VLOOKUP(C13,מקרא!$A$13:$C$14,3,FALSE),"")
J14: =IFERROR(VLOOKUP(C14,מקרא!$A$13:$C$14,3,FALSE),"")
J15: =IFERROR(VLOOKUP(C15,מקרא!$A$13:$C$14,3,FALSE),"")
J16: =IFERROR(VLOOKUP(C16,מקרא!$A$13:$C$14,3,FALSE),"")
J17: =IFERROR(VLOOKUP(C17,מקרא!$A$13:$C$14,3,FALSE),"")
J18: =IFERROR(VLOOKUP(C18,מקרא!$A$13:$C$14,3,FALSE),"")
J19: =IFERROR(VLOOKUP(C19,מקרא!$A$13:$C$14,3,FALSE),"")
J20: =IFERROR(VLOOKUP(C20,מקרא!$A$13:$C$14,3,FALSE),"")
J21: =IFERROR(VLOOKUP(C21,מקרא!$A$13:$C$14,3,FALSE),"")
J22: =IFERROR(VLOOKUP(C22,מקרא!$A$13:$C$14,3,FALSE),"")
... J52: =IFERROR(VLOOKUP(C52,מקרא!$A$13:$C$14,3,FALSE),"")

Sheet יומן השאלות
A1: יומן השאלות והחזרות
A2: תאריך | B2: מספר צ׳ | C2: סוג | D2: פעולה | E2: חייל | F2: מנפק | G2: הערות
A3: 46162 | B3: EVO-01 | C3: =IFERROR(VLOOKUP(B3,'צי הרחפנים'!$B$3:$C$52,2,FALSE),"") | D3: השאלה | E3: דוד כהן | F3: סמל אפסנאות
A4: 46113 | B4: AVATA-01 | C4: =IFERROR(VLOOKUP(B4,'צי הרחפנים'!$B$3:$C$52,2,FALSE),"") | D4: השאלה | E4: מאור לוי | F4: סמל אפסנאות
A5: 46167 | B5: AVATA-03 | C5: =IFERROR(VLOOKUP(B5,'צי הרחפנים'!$B$3:$C$52,2,FALSE),"") | D5: השאלה | E5: יוסי בר | F5: סמל אפסנאות
C6: =IFERROR(VLOOKUP(B6,'צי הרחפנים'!$B$3:$C$52,2,FALSE),"")
C7: =IFERROR(VLOOKUP(B7,'צי הרחפנים'!$B$3:$C$52,2,FALSE),"")
C8: =IFERROR(VLOOKUP(B8,'צי הרחפנים'!$B$3:$C$52,2,FALSE),"")
C9: =IFERROR(VLOOKUP(B9,'צי הרחפנים'!$B$3:$C$52,2,FALSE),"")
C10: =IFERROR(VLOOKUP(B10,'צי הרחפנים'!$B$3:$C$52,2,FALSE),"")
C11: =IFERROR(VLOOKUP(B11,'צי הרחפנים'!$B$3:$C$52,2,FALSE),"")
C12: =IFERROR(VLOOKUP(B12,'צי הרחפנים'!$B$3:$C$52,2,FALSE),"")
C13: =IFERROR(VLOOKUP(B13,'צי הרחפנים'!$B$3:$C$52,2,FALSE),"")
C14: =IFERROR(VLOOKUP(B14,'צי הרחפנים'!$B$3:$C$52,2,FALSE),"")
C15: =IFERROR(VLOOKUP(B15,'צי הרחפנים'!$B$3:$C$52,2,FALSE),"")
C16: =IFERROR(VLOOKUP(B16,'צי הרחפנים'!$B$3:$C$52,2,FALSE),"")
C17: =IFERROR(VLOOKUP(B17,'צי הרחפנים'!$B$3:$C$52,2,FALSE),"")
... C102: =IFERROR(VLOOKUP(B102,'צי הרחפנים'!$B$3:$C$52,2,FALSE),"")

Sheet תכולת ערכת EVO
A1: תכולת ערכת EVO
A2: # | B2: שם הפריט | C2: כמות | D2: פריט צ׳ | E2: קיים?
A3: 1 | B3: רחפן EVO + מגן גימבל + 4 פרופים 1136/1158 | C3: 1 | D3: כן
A4: 2 | B4: שלט לרחפן + 2 אנטנות + 2 סטיקים | C4: 1 | D4: כן
A5: 3 | B5: סוללה לרחפן | C5: 1 | D5: לא
A6: 4 | B6: שנאי סוללה + כבל "שמינייה" | C6: 1 | D6: לא
A7: 5 | B7: ראש מטען קיר 65W | C7: 1 | D7: לא
A8: 6 | B8: כבל USB – TYPE C | C8: 1 | D8: לא
A9: 7 | B9: כבל TYPE C – TYPE C | C9: 1 | D9: לא
A10: 8 | B10: פרופים ספייר סדרה 1136/1158 | C10: 1 | D10: לא
A11: 9 | B11: תיק פקל EVO ירוק 5 חלקים (תא מרכזי, תא צד סוללות, תא צד אחסון, רצועה, מחיצה) | C11: 1 | D11: כן
A12: 10 | B12: התקן הטלה כדור ברזל | C12: 1 | D12: כן
A13: 11 | B13: התקן הטלה כדור נוצה | C13: 1 | D13: כן
A14: 12 | B14: מטען רב ערוצי + כבל "שמינייה" | C14: 1 | D14: לא
... A18: 16 | B18: ערכת טעינה לשטח (תיק, כבלי 12V, מטען רכב 200/240W, כבלי C-C, USB-C 7A, מתאם עם צג מתח) | C18: 1 | D18: כן
B19: סה"כ פריטים: | C19: =COUNTA(B3:B18)
B20: מתוכם פריטי צ׳: | C20: =COUNTIF(D3:D18,"כן")
B21: פריטים חסרים: | C21: =COUNTIF(E3:E18,"לא")

Sheet תכולת ערכת AVATA
A1: תכולת ערכת AVATA
A2: # | B2: שם הפריט | C2: כמות | D2: פריט צ׳ | E2: קיים?
A3: 1 | B3: תיק ירך 2 חלקים – רצועות חגורה + רצועת נשיאה + קייס למשקף + פאוץ' צג מפקד | C3: 1 | D3: כן
A4: 2 | B4: רחפן AVATA + מגן גימבל + 4 פרופים | C4: 1 | D4: כן
A5: 3 | B5: ג'ויסטיק + רצועה | C5: 1 | D5: כן
A6: 4 | B6: משקף אינטגרה | C6: 1 | D6: כן
A7: 5 | B7: משקף גוגלס 2 – רצועת ראש + מגן עדשות + כבל סוללה + סוללה למשקף | C7: 1 | D7: כן
A8: 6 | B8: כרטיס זיכרון למשקף 128GB אקסטרים | C8: 1 | D8: לא
A9: 7 | B9: סוללה לרחפן | C9: 1 | D9: לא
A10: 8 | B10: מטען סוללת רחפן יחיד | C10: 1 | D10: לא
A11: 9 | B11: רכזת טעינה (4 סוללות) לרחפן | C11: 1 | D11: לא
A12: 10 | B12: ראש מטען קיר | C12: 1 | D12: לא
A13: 11 | B13: כבל USB – TYPE C | C13: 1 | D13: לא
A14: 12 | B14: כבל TYPE C – TYPE C | C14: 1 | D14: לא
... A18: 16 | B18: ערכת תאורה B – 2 פנסים כפולים, תושבת מרכזית + תושבת צד | C18: 1 | D18: לא
B19: סה"כ פריטים: | C19: =COUNTA(B3:B18)
B20: מתוכם פריטי צ׳: | C20: =COUNTIF(D3:D18,"כן")
B21: פריטים חסרים: | C21: =COUNTIF(E3:E18,"לא")

Sheet חיילים
A1: חיילים
A2: שם | B2: פלאפון | C2: הערות
A3: דוד כהן
A4: מאור לוי
A5: יוסי בר
A6: איתי שמש
A7: ניב סורוקר
A8: אורי עוזיאל
A9: גבריאל יעקוביאן
A10: עומר נוימן

Sheet מקרא
A1: מקרא והגדרות
A3: סטטוס רחפן:
B4: במחסן
B5: הושאל
B6: בתיקון
B7: מושבת
A9: מצב:
B10: תקין
B11: תקול
A12: סוג | B12: סה"כ פריטים | C12: פריטי צ׳
A13: EVO | B13: =COUNTA('תכולת ערכת EVO'!$B$3:$B$18) | C13: =COUNTIF('תכולת ערכת EVO'!$D$3:$D$18,"כן")
A14: AVATA | B14: =COUNTA('תכולת ערכת AVATA'!$B$3:$B$18) | C14: =COUNTIF('תכולת ערכת AVATA'!$D$3:$D$18,"כן")
A16: הוראות:
A17: • כל רחפן = שורה בגיליון 'צי הרחפנים'.
A18: • בעת השאלה: עדכן סטטוס='הושאל', מחזיק ותאריכים, והוסף שורה ל'יומן השאלות'.
A19: • 'פריטי צ׳ נדרשים' מתעדכן אוטומטית לפי הסוג (מטבלת הסוגים כאן).
A20: • הדשבורד ('סקירה') מתעדכן לבד מהצי.
A21: • לספירת ערכה: סמן 'קיים?' בגיליון התכולה - החוסרים נספרים אוטומטית.
