Workbook

Sheet סקירה
A1: העברת גזרה – סיכום ציוד ופערים
A3: סיכום כללי | D3: קטגוריה | E3: פריטים | F3: כמות | G3: פריטי צ׳ | H3: פערים | J3: בית / מוצב | K3: פריטים
A4: סה"כ שורות ציוד | B4: =COUNTA('רשימת ציוד'!$D$3:$D$302) | D4: אמל"ח | E4: =COUNTIF('רשימת ציוד'!$C$3:$C$302,$D4) | F4: =SUMIF('רשימת ציוד'!$C$3:$C$302,$D4,'רשימת ציוד'!$H$3:$H$302) | G4: =COUNTIFS('רשימת ציוד'!$C$3:$C$302,$D4,'רשימת ציוד'!$E$3:$E$302,"כן") | H4: =SUMPRODUCT(('רשימת ציוד'!$C$3:$C$302=$D4)*('רשימת ציוד'!$K$3:$K$302<>"")*('רשימת ציוד'!$K$3:$K$302<>0)) | J4: =IF('בתים ומוצבים'!$A$3="","",'בתים ומוצבים'!$A$3) | K4: =IF('בתים ומוצבים'!$A$3="","",COUNTIF('רשימת ציוד'!$B$3:$B$302,'בתים ומוצבים'!$A$3))
A5: סה"כ כמות נמסרת | B5: =SUM('רשימת ציוד'!$H$3:$H$302) | D5: תחמושת | E5: =COUNTIF('רשימת ציוד'!$C$3:$C$302,$D5) | F5: =SUMIF('רשימת ציוד'!$C$3:$C$302,$D5,'רשימת ציוד'!$H$3:$H$302) | G5: =COUNTIFS('רשימת ציוד'!$C$3:$C$302,$D5,'רשימת ציוד'!$E$3:$E$302,"כן") | H5: =SUMPRODUCT(('רשימת ציוד'!$C$3:$C$302=$D5)*('רשימת ציוד'!$K$3:$K$302<>"")*('רשימת ציוד'!$K$3:$K$302<>0)) | J5: =IF('בתים ומוצבים'!$A$4="","",'בתים ומוצבים'!$A$4) | K5: =IF('בתים ומוצבים'!$A$4="","",COUNTIF('רשימת ציוד'!$B$3:$B$302,'בתים ומוצבים'!$A$4))
A6: פריטי צ׳ | B6: =COUNTIF('רשימת ציוד'!$E$3:$E$302,"כן") | D6: אופטיקה ותצפית | E6: =COUNTIF('רשימת ציוד'!$C$3:$C$302,$D6) | F6: =SUMIF('רשימת ציוד'!$C$3:$C$302,$D6,'רשימת ציוד'!$H$3:$H$302) | G6: =COUNTIFS('רשימת ציוד'!$C$3:$C$302,$D6,'רשימת ציוד'!$E$3:$E$302,"כן") | H6: =SUMPRODUCT(('רשימת ציוד'!$C$3:$C$302=$D6)*('רשימת ציוד'!$K$3:$K$302<>"")*('רשימת ציוד'!$K$3:$K$302<>0)) | J6: =IF('בתים ומוצבים'!$A$5="","",'בתים ומוצבים'!$A$5) | K6: =IF('בתים ומוצבים'!$A$5="","",COUNTIF('רשימת ציוד'!$B$3:$B$302,'בתים ומוצבים'!$A$5))
A7: ציוד חטיבתי | B7: =COUNTIF('רשימת ציוד'!$G$3:$G$302,"חטיבתי") | D7: קשר ומחשוב | E7: =COUNTIF('רשימת ציוד'!$C$3:$C$302,$D7) | F7: =SUMIF('רשימת ציוד'!$C$3:$C$302,$D7,'רשימת ציוד'!$H$3:$H$302) | G7: =COUNTIFS('רשימת ציוד'!$C$3:$C$302,$D7,'רשימת ציוד'!$E$3:$E$302,"כן") | H7: =SUMPRODUCT(('רשימת ציוד'!$C$3:$C$302=$D7)*('רשימת ציוד'!$K$3:$K$302<>"")*('רשימת ציוד'!$K$3:$K$302<>0)) | J7: =IF('בתים ומוצבים'!$A$6="","",'בתים ומוצבים'!$A$6) | K7: =IF('בתים ומוצבים'!$A$6="","",COUNTIF('רשימת ציוד'!$B$3:$B$302,'בתים ומוצבים'!$A$6))
A8: ציוד גדודי | B8: =COUNTIF('רשימת ציוד'!$G$3:$G$302,"גדודי") | D8: רחפנים | E8: =COUNTIF('רשימת ציוד'!$C$3:$C$302,$D8) | F8: =SUMIF('רשימת ציוד'!$C$3:$C$302,$D8,'רשימת ציוד'!$H$3:$H$302) | G8: =COUNTIFS('רשימת ציוד'!$C$3:$C$302,$D8,'רשימת ציוד'!$E$3:$E$302,"כן") | H8: =SUMPRODUCT(('רשימת ציוד'!$C$3:$C$302=$D8)*('רשימת ציוד'!$K$3:$K$302<>"")*('רשימת ציוד'!$K$3:$K$302<>0)) | J8: =IF('בתים ומוצבים'!$A$7="","",'בתים ומוצבים'!$A$7) | K8: =IF('בתים ומוצבים'!$A$7="","",COUNTIF('רשימת ציוד'!$B$3:$B$302,'בתים ומוצבים'!$A$7))
D9: מיגון | E9: =COUNTIF('רשימת ציוד'!$C$3:$C$302,$D9) | F9: =SUMIF('רשימת ציוד'!$C$3:$C$302,$D9,'רשימת ציוד'!$H$3:$H$302) | G9: =COUNTIFS('רשימת ציוד'!$C$3:$C$302,$D9,'רשימת ציוד'!$E$3:$E$302,"כן") | H9: =SUMPRODUCT(('רשימת ציוד'!$C$3:$C$302=$D9)*('רשימת ציוד'!$K$3:$K$302<>"")*('רשימת ציוד'!$K$3:$K$302<>0)) | J9: =IF('בתים ומוצבים'!$A$8="","",'בתים ומוצבים'!$A$8) | K9: =IF('בתים ומוצבים'!$A$8="","",COUNTIF('רשימת ציוד'!$B$3:$B$302,'בתים ומוצבים'!$A$8))
A10: התראות | D10: ציוד רפואי | E10: =COUNTIF('רשימת ציוד'!$C$3:$C$302,$D10) | F10: =SUMIF('רשימת ציוד'!$C$3:$C$302,$D10,'רשימת ציוד'!$H$3:$H$302) | G10: =COUNTIFS('רשימת ציוד'!$C$3:$C$302,$D10,'רשימת ציוד'!$E$3:$E$302,"כן") | H10: =SUMPRODUCT(('רשימת ציוד'!$C$3:$C$302=$D10)*('רשימת ציוד'!$K$3:$K$302<>"")*('רשימת ציוד'!$K$3:$K$302<>0)) | J10: =IF('בתים ומוצבים'!$A$9="","",'בתים ומוצבים'!$A$9) | K10: =IF('בתים ומוצבים'!$A$9="","",COUNTIF('רשימת ציוד'!$B$3:$B$302,'בתים ומוצבים'!$A$9))
A11: פריטים תקולים | B11: =COUNTIF('רשימת ציוד'!$I$3:$I$302,"תקול")+COUNTIF('רשימת ציוד'!$I$3:$I$302,"חסר") | D11: לוגיסטיקה ומגורים | E11: =COUNTIF('רשימת ציוד'!$C$3:$C$302,$D11) | F11: =SUMIF('רשימת ציוד'!$C$3:$C$302,$D11,'רשימת ציוד'!$H$3:$H$302) | G11: =COUNTIFS('רשימת ציוד'!$C$3:$C$302,$D11,'רשימת ציוד'!$E$3:$E$302,"כן") | H11: =SUMPRODUCT(('רשימת ציוד'!$C$3:$C$302=$D11)*('רשימת ציוד'!$K$3:$K$302<>"")*('רשימת ציוד'!$K$3:$K$302<>0)) | J11: =IF('בתים ומוצבים'!$A$10="","",'בתים ומוצבים'!$A$10) | K11: =IF('בתים ומוצבים'!$A$10="","",COUNTIF('רשימת ציוד'!$B$3:$B$302,'בתים ומוצבים'!$A$10))
A12: שורות עם פער | B12: =SUMPRODUCT(('רשימת ציוד'!$K$3:$K$302<>"")*('רשימת ציוד'!$K$3:$K$302<>0)) | D12: מטבח ומזון | E12: =COUNTIF('רשימת ציוד'!$C$3:$C$302,$D12) | F12: =SUMIF('רשימת ציוד'!$C$3:$C$302,$D12,'רשימת ציוד'!$H$3:$H$302) | G12: =COUNTIFS('רשימת ציוד'!$C$3:$C$302,$D12,'רשימת ציוד'!$E$3:$E$302,"כן") | H12: =SUMPRODUCT(('רשימת ציוד'!$C$3:$C$302=$D12)*('רשימת ציוד'!$K$3:$K$302<>"")*('רשימת ציוד'!$K$3:$K$302<>0)) | J12: =IF('בתים ומוצבים'!$A$11="","",'בתים ומוצבים'!$A$11) | K12: =IF('בתים ומוצבים'!$A$11="","",COUNTIF('רשימת ציוד'!$B$3:$B$302,'בתים ומוצבים'!$A$11))
A13: פריטי צ׳ ללא מספר | B13: =SUMPRODUCT(('רשימת ציוד'!$E$3:$E$302="כן")*('רשימת ציוד'!$F$3:$F$302="")) | D13: גנרטורים וחשמל | E13: =COUNTIF('רשימת ציוד'!$C$3:$C$302,$D13) | F13: =SUMIF('רשימת ציוד'!$C$3:$C$302,$D13,'רשימת ציוד'!$H$3:$H$302) | G13: =COUNTIFS('רשימת ציוד'!$C$3:$C$302,$D13,'רשימת ציוד'!$E$3:$E$302,"כן") | H13: =SUMPRODUCT(('רשימת ציוד'!$C$3:$C$302=$D13)*('רשימת ציוד'!$K$3:$K$302<>"")*('רשימת ציוד'!$K$3:$K$302<>0)) | J13: =IF('בתים ומוצבים'!$A$12="","",'בתים ומוצבים'!$A$12) | K13: =IF('בתים ומוצבים'!$A$12="","",COUNTIF('רשימת ציוד'!$B$3:$B$302,'בתים ומוצבים'!$A$12))
A14: טרם נבדקו ע"י הקולט | B14: =SUMPRODUCT(('רשימת ציוד'!$D$3:$D$302<>"")*('רשימת ציוד'!$J$3:$J$302="")) | D14: תשתיות ומבנה | E14: =COUNTIF('רשימת ציוד'!$C$3:$C$302,$D14) | F14: =SUMIF('רשימת ציוד'!$C$3:$C$302,$D14,'רשימת ציוד'!$H$3:$H$302) | G14: =COUNTIFS('רשימת ציוד'!$C$3:$C$302,$D14,'רשימת ציוד'!$E$3:$E$302,"כן") | H14: =SUMPRODUCT(('רשימת ציוד'!$C$3:$C$302=$D14)*('רשימת ציוד'!$K$3:$K$302<>"")*('רשימת ציוד'!$K$3:$K$302<>0)) | J14: =IF('בתים ומוצבים'!$A$13="","",'בתים ומוצבים'!$A$13) | K14: =IF('בתים ומוצבים'!$A$13="","",COUNTIF('רשימת ציוד'!$B$3:$B$302,'בתים ומוצבים'!$A$13))
D15: כיבוי אש ובטיחות | E15: =COUNTIF('רשימת ציוד'!$C$3:$C$302,$D15) | F15: =SUMIF('רשימת ציוד'!$C$3:$C$302,$D15,'רשימת ציוד'!$H$3:$H$302) | G15: =COUNTIFS('רשימת ציוד'!$C$3:$C$302,$D15,'רשימת ציוד'!$E$3:$E$302,"כן") | H15: =SUMPRODUCT(('רשימת ציוד'!$C$3:$C$302=$D15)*('רשימת ציוד'!$K$3:$K$302<>"")*('רשימת ציוד'!$K$3:$K$302<>0)) | J15: =IF('בתים ומוצבים'!$A$14="","",'בתים ומוצבים'!$A$14) | K15: =IF('בתים ומוצבים'!$A$14="","",COUNTIF('רשימת ציוד'!$B$3:$B$302,'בתים ומוצבים'!$A$14))
D16: אחר | E16: =COUNTIF('רשימת ציוד'!$C$3:$C$302,$D16) | F16: =SUMIF('רשימת ציוד'!$C$3:$C$302,$D16,'רשימת ציוד'!$H$3:$H$302) | G16: =COUNTIFS('רשימת ציוד'!$C$3:$C$302,$D16,'רשימת ציוד'!$E$3:$E$302,"כן") | H16: =SUMPRODUCT(('רשימת ציוד'!$C$3:$C$302=$D16)*('רשימת ציוד'!$K$3:$K$302<>"")*('רשימת ציוד'!$K$3:$K$302<>0)) | J16: =IF('בתים ומוצבים'!$A$15="","",'בתים ומוצבים'!$A$15) | K16: =IF('בתים ומוצבים'!$A$15="","",COUNTIF('רשימת ציוד'!$B$3:$B$302,'בתים ומוצבים'!$A$15))
D17: סה"כ | E17: =SUM(E4:E16) | F17: =SUM(F4:F16) | G17: =SUM(G4:G16) | H17: =SUM(H4:H16) | J17: =IF('בתים ומוצבים'!$A$16="","",'בתים ומוצבים'!$A$16) | K17: =IF('בתים ומוצבים'!$A$16="","",COUNTIF('רשימת ציוד'!$B$3:$B$302,'בתים ומוצבים'!$A$16))
J18: =IF('בתים ומוצבים'!$A$17="","",'בתים ומוצבים'!$A$17) | K18: =IF('בתים ומוצבים'!$A$17="","",COUNTIF('רשימת ציוד'!$B$3:$B$302,'בתים ומוצבים'!$A$17))

Sheet רשימת ציוד
A1: רשימת ציוד להעברה – ממולא ע"י הגדוד המוסר
A2: מס׳ | B2: בית / מוצב | C2: קטגוריה | D2: שם הפריט | E2: פריט צ׳? | F2: מספר צ׳ | G2: מקור הציוד | H2: כמות נמסרת | I2: מצב | J2: כמות שנבדקה (קולט) | K2: פער | L2: הערות
A3: =IF($D3="","",ROW()-2) | B3: בית 1 | C3: אופטיקה ותצפית | D3: משקפת יום | E3: כן | F3: 100200 | G3: חטיבתי | H3: 2 | I3: תקין | K3: =IF(OR($H3="",$J3=""),"",$H3-$J3) | L3: דוגמה – מחק שורה זו
A4: =IF($D4="","",ROW()-2) | B4: בית 1 | C4: קשר ומחשוב | D4: מכשיר קשר | E4: כן | F4: 445566 | G4: חטיבתי | H4: 4 | I4: תקין | K4: =IF(OR($H4="",$J4=""),"",$H4-$J4) | L4: דוגמה – מחק שורה זו
A5: =IF($D5="","",ROW()-2) | B5: בית 1 | C5: לוגיסטיקה ומגורים | D5: מיטת שדה + מזרן | E5: לא | G5: גדודי | H5: 12 | I5: תקין | K5: =IF(OR($H5="",$J5=""),"",$H5-$J5) | L5: דוגמה – מחק שורה זו
A6: =IF($D6="","",ROW()-2) | B6: בית 2 | C6: גנרטורים וחשמל | D6: גנרטור 5 קו"ט | E6: כן | F6: 778899 | G6: חטיבתי | H6: 1 | I6: תקול | K6: =IF(OR($H6="",$J6=""),"",$H6-$J6) | L6: דוגמה – מחק שורה זו
A7: =IF($D7="","",ROW()-2) | B7: בית 2 | C7: מטבח ומזון | D7: מקרר | E7: לא | G7: חטיבתי | H7: 2 | I7: תקין | K7: =IF(OR($H7="",$J7=""),"",$H7-$J7) | L7: דוגמה – מחק שורה זו
A8: =IF($D8="","",ROW()-2) | B8: בית 2 | C8: מיגון | D8: שכפ"צ | E8: לא | G8: גדודי | H8: 10 | I8: תקין | K8: =IF(OR($H8="",$J8=""),"",$H8-$J8) | L8: דוגמה – מחק שורה זו
A9: =IF($D9="","",ROW()-2) | K9: =IF(OR($H9="",$J9=""),"",$H9-$J9)
A10: =IF($D10="","",ROW()-2) | K10: =IF(OR($H10="",$J10=""),"",$H10-$J10)
A11: =IF($D11="","",ROW()-2) | K11: =IF(OR($H11="",$J11=""),"",$H11-$J11)
A12: =IF($D12="","",ROW()-2) | K12: =IF(OR($H12="",$J12=""),"",$H12-$J12)
A13: =IF($D13="","",ROW()-2) | K13: =IF(OR($H13="",$J13=""),"",$H13-$J13)
A14: =IF($D14="","",ROW()-2) | K14: =IF(OR($H14="",$J14=""),"",$H14-$J14)
A15: =IF($D15="","",ROW()-2) | K15: =IF(OR($H15="",$J15=""),"",$H15-$J15)
A16: =IF($D16="","",ROW()-2) | K16: =IF(OR($H16="",$J16=""),"",$H16-$J16)
A17: =IF($D17="","",ROW()-2) | K17: =IF(OR($H17="",$J17=""),"",$H17-$J17)
A18: =IF($D18="","",ROW()-2) | K18: =IF(OR($H18="",$J18=""),"",$H18-$J18)
A19: =IF($D19="","",ROW()-2) | K19: =IF(OR($H19="",$J19=""),"",$H19-$J19)
A20: =IF($D20="","",ROW()-2) | K20: =IF(OR($H20="",$J20=""),"",$H20-$J20)
... A302: =IF($D302="","",ROW()-2) | K302: =IF(OR($H302="",$J302=""),"",$H302-$J302)

Sheet בתים ומוצבים
A1: בתים ומוצבים בגזרה
A2: בית / מוצב | B2: אחראי (גדוד מוסר) | C2: טלפון | D2: הערות
A3: בית 1 | D3: דוגמה – ערוך
A4: בית 2 | D4: דוגמה – ערוך
A5: בית 3 | D5: דוגמה – ערוך

Sheet סיכום וחתימות
A1: פרוטוקול העברת גזרה והחלפת חתימות
A3: פרטי ההעברה
A4: חטיבה
A5: גזרה
A6: הגדוד המוסר
A7: מפקד הגדוד המוסר
A8: הגדוד הקולט
A9: מפקד הגדוד הקולט
A10: תאריך ההעברה
A12: סיכום ציוד לפי קטגוריה (אוטומטי)
A13: קטגוריה | B13: פריטים | C13: כמות | D13: פריטי צ׳ | E13: פערים
A14: אמל"ח | B14: =COUNTIF('רשימת ציוד'!$C$3:$C$302,$A14) | C14: =SUMIF('רשימת ציוד'!$C$3:$C$302,$A14,'רשימת ציוד'!$H$3:$H$302) | D14: =COUNTIFS('רשימת ציוד'!$C$3:$C$302,$A14,'רשימת ציוד'!$E$3:$E$302,"כן") | E14: =SUMPRODUCT(('רשימת ציוד'!$C$3:$C$302=$A14)*('רשימת ציוד'!$K$3:$K$302<>"")*('רשימת ציוד'!$K$3:$K$302<>0))
A15: תחמושת | B15: =COUNTIF('רשימת ציוד'!$C$3:$C$302,$A15) | C15: =SUMIF('רשימת ציוד'!$C$3:$C$302,$A15,'רשימת ציוד'!$H$3:$H$302) | D15: =COUNTIFS('רשימת ציוד'!$C$3:$C$302,$A15,'רשימת ציוד'!$E$3:$E$302,"כן") | E15: =SUMPRODUCT(('רשימת ציוד'!$C$3:$C$302=$A15)*('רשימת ציוד'!$K$3:$K$302<>"")*('רשימת ציוד'!$K$3:$K$302<>0))
A16: אופטיקה ותצפית | B16: =COUNTIF('רשימת ציוד'!$C$3:$C$302,$A16) | C16: =SUMIF('רשימת ציוד'!$C$3:$C$302,$A16,'רשימת ציוד'!$H$3:$H$302) | D16: =COUNTIFS('רשימת ציוד'!$C$3:$C$302,$A16,'רשימת ציוד'!$E$3:$E$302,"כן") | E16: =SUMPRODUCT(('רשימת ציוד'!$C$3:$C$302=$A16)*('רשימת ציוד'!$K$3:$K$302<>"")*('רשימת ציוד'!$K$3:$K$302<>0))
A17: קשר ומחשוב | B17: =COUNTIF('רשימת ציוד'!$C$3:$C$302,$A17) | C17: =SUMIF('רשימת ציוד'!$C$3:$C$302,$A17,'רשימת ציוד'!$H$3:$H$302) | D17: =COUNTIFS('רשימת ציוד'!$C$3:$C$302,$A17,'רשימת ציוד'!$E$3:$E$302,"כן") | E17: =SUMPRODUCT(('רשימת ציוד'!$C$3:$C$302=$A17)*('רשימת ציוד'!$K$3:$K$302<>"")*('רשימת ציוד'!$K$3:$K$302<>0))
A18: רחפנים | B18: =COUNTIF('רשימת ציוד'!$C$3:$C$302,$A18) | C18: =SUMIF('רשימת ציוד'!$C$3:$C$302,$A18,'רשימת ציוד'!$H$3:$H$302) | D18: =COUNTIFS('רשימת ציוד'!$C$3:$C$302,$A18,'רשימת ציוד'!$E$3:$E$302,"כן") | E18: =SUMPRODUCT(('רשימת ציוד'!$C$3:$C$302=$A18)*('רשימת ציוד'!$K$3:$K$302<>"")*('רשימת ציוד'!$K$3:$K$302<>0))
A19: מיגון | B19: =COUNTIF('רשימת ציוד'!$C$3:$C$302,$A19) | C19: =SUMIF('רשימת ציוד'!$C$3:$C$302,$A19,'רשימת ציוד'!$H$3:$H$302) | D19: =COUNTIFS('רשימת ציוד'!$C$3:$C$302,$A19,'רשימת ציוד'!$E$3:$E$302,"כן") | E19: =SUMPRODUCT(('רשימת ציוד'!$C$3:$C$302=$A19)*('רשימת ציוד'!$K$3:$K$302<>"")*('רשימת ציוד'!$K$3:$K$302<>0))
A20: ציוד רפואי | B20: =COUNTIF('רשימת ציוד'!$C$3:$C$302,$A20) | C20: =SUMIF('רשימת ציוד'!$C$3:$C$302,$A20,'רשימת ציוד'!$H$3:$H$302) | D20: =COUNTIFS('רשימת ציוד'!$C$3:$C$302,$A20,'רשימת ציוד'!$E$3:$E$302,"כן") | E20: =SUMPRODUCT(('רשימת ציוד'!$C$3:$C$302=$A20)*('רשימת ציוד'!$K$3:$K$302<>"")*('רשימת ציוד'!$K$3:$K$302<>0))
A21: לוגיסטיקה ומגורים | B21: =COUNTIF('רשימת ציוד'!$C$3:$C$302,$A21) | C21: =SUMIF('רשימת ציוד'!$C$3:$C$302,$A21,'רשימת ציוד'!$H$3:$H$302) | D21: =COUNTIFS('רשימת ציוד'!$C$3:$C$302,$A21,'רשימת ציוד'!$E$3:$E$302,"כן") | E21: =SUMPRODUCT(('רשימת ציוד'!$C$3:$C$302=$A21)*('רשימת ציוד'!$K$3:$K$302<>"")*('רשימת ציוד'!$K$3:$K$302<>0))
A22: מטבח ומזון | B22: =COUNTIF('רשימת ציוד'!$C$3:$C$302,$A22) | C22: =SUMIF('רשימת ציוד'!$C$3:$C$302,$A22,'רשימת ציוד'!$H$3:$H$302) | D22: =COUNTIFS('רשימת ציוד'!$C$3:$C$302,$A22,'רשימת ציוד'!$E$3:$E$302,"כן") | E22: =SUMPRODUCT(('רשימת ציוד'!$C$3:$C$302=$A22)*('רשימת ציוד'!$K$3:$K$302<>"")*('רשימת ציוד'!$K$3:$K$302<>0))
A23: גנרטורים וחשמל | B23: =COUNTIF('רשימת ציוד'!$C$3:$C$302,$A23) | C23: =SUMIF('רשימת ציוד'!$C$3:$C$302,$A23,'רשימת ציוד'!$H$3:$H$302) | D23: =COUNTIFS('רשימת ציוד'!$C$3:$C$302,$A23,'רשימת ציוד'!$E$3:$E$302,"כן") | E23: =SUMPRODUCT(('רשימת ציוד'!$C$3:$C$302=$A23)*('רשימת ציוד'!$K$3:$K$302<>"")*('רשימת ציוד'!$K$3:$K$302<>0))
A24: תשתיות ומבנה | B24: =COUNTIF('רשימת ציוד'!$C$3:$C$302,$A24) | C24: =SUMIF('רשימת ציוד'!$C$3:$C$302,$A24,'רשימת ציוד'!$H$3:$H$302) | D24: =COUNTIFS('רשימת ציוד'!$C$3:$C$302,$A24,'רשימת ציוד'!$E$3:$E$302,"כן") | E24: =SUMPRODUCT(('רשימת ציוד'!$C$3:$C$302=$A24)*('רשימת ציוד'!$K$3:$K$302<>"")*('רשימת ציוד'!$K$3:$K$302<>0))
A25: כיבוי אש ובטיחות | B25: =COUNTIF('רשימת ציוד'!$C$3:$C$302,$A25) | C25: =SUMIF('רשימת ציוד'!$C$3:$C$302,$A25,'רשימת ציוד'!$H$3:$H$302) | D25: =COUNTIFS('רשימת ציוד'!$C$3:$C$302,$A25,'רשימת ציוד'!$E$3:$E$302,"כן") | E25: =SUMPRODUCT(('רשימת ציוד'!$C$3:$C$302=$A25)*('רשימת ציוד'!$K$3:$K$302<>"")*('רשימת ציוד'!$K$3:$K$302<>0))
A26: אחר | B26: =COUNTIF('רשימת ציוד'!$C$3:$C$302,$A26) | C26: =SUMIF('רשימת ציוד'!$C$3:$C$302,$A26,'רשימת ציוד'!$H$3:$H$302) | D26: =COUNTIFS('רשימת ציוד'!$C$3:$C$302,$A26,'רשימת ציוד'!$E$3:$E$302,"כן") | E26: =SUMPRODUCT(('רשימת ציוד'!$C$3:$C$302=$A26)*('רשימת ציוד'!$K$3:$K$302<>"")*('רשימת ציוד'!$K$3:$K$302<>0))
A27: סה"כ | B27: =SUM(B14:B26) | C27: =SUM(C14:C26) | D27: =SUM(D14:D26) | E27: =SUM(E14:E26)
A29: הצהרה
A30: אנו החתומים מטה מאשרים כי:
A31: 1. הציוד המפורט בגיליון 'רשימת ציוד' נספר ונבדק במעמד נציגי שני הגדודים.
A32: 2. הגדוד הקולט מאשר את קבלת הציוד בכמויות ובמצב כמפורט, למעט הפערים שצוינו.
A33: 3. פערים שנרשמו יתועדו ויטופלו מול החטיבה.
A34: 4. האחריות על הציוד, לרבות פריטי הצ׳, עוברת לגדוד הקולט מרגע החתימה.
A36: חתימות
A37: תפקיד | B37: שם מלא | C37: דרגה | D37: מס׳ אישי | E37: תאריך | F37: חתימה
A38: הגדוד המוסר – מפקד
A39: הגדוד המוסר – קצין לוגיסטיקה / אפסנאי
A40: הגדוד הקולט – מפקד
A41: הגדוד הקולט – קצין לוגיסטיקה / אפסנאי
A42: נציג חטיבה
A44: * מומלץ להדפיס בשני עותקים – עותק לכל גדוד.

Sheet מקרא והוראות
A1: מקרא והוראות מילוי
A3: סדר הפעולות:
A4: 1. הגדוד המוסר ממלא את גיליון 'בתים ומוצבים' – רשימת הבתים/העמדות בגזרה.
A5: 2. הגדוד המוסר ממלא את 'רשימת ציוד' – שורה לכל פריט: בית, קטגוריה, שם הפריט,
A6: האם פריט צ׳ (ואם כן – מספר הצ׳), מקור הציוד (חטיבתי/גדודי), כמות ומצב.
A7: 3. במעמד ההחלפה: נציג הגדוד הקולט סופר את הציוד וממלא 'כמות שנבדקה' –
A8: עמודת הפער מחושבת אוטומטית ונצבעת באדום כשיש אי-התאמה.
A9: 4. פריט צ׳ ללא מספר צ׳ נצבע באדום – חובה להשלים לפני חתימה.
A10: 5. בודקים את גיליון 'סקירה' – פערים, תקולים ושורות שטרם נבדקו.
A11: 6. ממלאים את פרטי ההעברה וחותמים בגיליון 'סיכום וחתימות' (להדפיס בשני עותקים).
A13: שורות הדוגמה ברשימת הציוד ובבתים מסומנות 'דוגמה' – מחק/ערוך אותן.
A15: צבעים:
B16: פריט צ׳
B17: תקין / נבדק ללא פער
B18: תקול / חסר / פער / צ׳ בלי מספר
A19: קטגוריות (מזין את הרשימה הנפתחת):
A20: אמל"ח
A21: תחמושת
A22: אופטיקה ותצפית
A23: קשר ומחשוב
A24: רחפנים
A25: מיגון
A26: ציוד רפואי
A27: לוגיסטיקה ומגורים
A28: מטבח ומזון
A29: גנרטורים וחשמל
A30: תשתיות ומבנה
... A32: אחר
